Destination Port,Flow Duration,Total Fwd Packets,Total Length of Fwd Packets,Fwd Packet Length Max,Fwd Packet Length Min,Fwd Packet Length Mean,Fwd Packet Length Std,Bwd Packet Length Max,Bwd Packet Length Min,Bwd Packet Length Mean,Bwd Packet Length Std,Flow Bytes/s,Flow Packets/s,Flow IAT Mean,Flow IAT Std,Flow IAT Max,Flow IAT Min,Fwd IAT Total,Fwd IAT Mean,Fwd IAT Std,Fwd IAT Max,Fwd IAT Min,Bwd IAT Total,Bwd IAT Mean,Bwd IAT Std,Bwd IAT Max,Bwd IAT Min,Fwd Header Length,Bwd Header Length,Fwd Packets/s,Bwd Packets/s,Min Packet Length,Max Packet Length,Packet Length Mean,Packet Length Std,Packet Length Variance,FIN Flag Count,PSH Flag Count,ACK Flag Count,Average Packet Size,Subflow Fwd Bytes,Init_Win_bytes_forward,Init_Win_bytes_backward,act_data_pkt_fwd,min_seg_size_forward,Active Mean,Active Max,Active Min,Idle Mean,Idle Max,Idle Min,Attack Type
80,1024483,3,26,20,0,8.666666667,10.26320288,8760,0,2900.25,4128.319301,11349.13903,6.832714647,170747.1667,414982.1502,1017812,59,6422,3211.0,4214.356416,6191,231,1024385,341461.6667,585744.7553,1017812,190,72,92,2.928306277,3.90440837,0,8760,1453.375,3113.952607,9696700.839,0,1,0,1661.0,26,8192,229,2,20,0.0,0,0,0.0,0,0,DDoS
80,115881809,16,543,459,0,33.9375,113.3598804692,301,0,21.9285714286,80.3381931258,7.3350598108,0.2588844639,3995924.44827586,4880552.89795712,10000656,4,115881809,7725453.93333333,4122775.27646578,10015670,535,110184156,8475704.30769231,3758094.18076788,10015686,4,332,424,0.1380717141,0.1208127498,0,459,27.4193548387,96.3527457466,9283.8516129032,0,1,0,28.3333333333,543,8192,60,15,20,27262.3636363636,148985,14980,9989486.27272727,10000656,9882667,Normal Traffic
443,384131,19,871,389,0,45.84210526,105.6873077,2896,0,1345.895833,476.8595065,170447.061,174.4196641,5820.166667,16763.13616,92540,1,384131,21340.61111,27636.52014,92540,1,224417,4774.829787,17557.06967,111475,48,620,1544,49.46229281,124.9573713,0,2896,962.8529412,721.0649724,519934.6945,0,1,0,977.2238806,871,65535,122,6,32,0.0,0,0,0.0,0,0,Normal Traffic
53,49294,4,172,43,43,43.0,0.0,71,71,71.0,0.0,6369.943604,121.7186676,9858.8,15015.24388,33988,3,33995,11331.66667,19620.96023,33988,3,47,47.0,0.0,47,47,80,64,81.14577839,40.5728892,43,71,51.0,13.66260102,186.6666667,0,0,0,59.5,172,-1,-1,3,20,0.0,0,0,0.0,0,0,Normal Traffic
1072,49,1,0,0,0,0.0,0.0,6,6,6.0,0.0,122448.9796,40816.32653,49.0,0.0,49,49,0,0.0,0.0,0,0,0,0.0,0.0,0,0,40,20,20408.16327,20408.16327,0,6,2.0,3.464101615,12.0,0,1,0,3.0,0,29200,0,0,40,0.0,0,0,0.0,0,0,Port Scanning
80,17329,3,26,20,0,8.666666667,10.26320288,5840,0,1933.5,2189.772933,670956.2006,519.3606094,2166.125,3725.140781,8925,46,7823,3911.5,4933.484012,7400,423,17262,3452.4,4605.878613,8925,46,72,132,173.1202031,346.2404063,0,5840,1162.7,1911.59573,3654198.233,0,1,0,1291.888889,26,8192,229,2,20,0.0,0,0,0.0,0,0,DDoS
80,98779375,8,316,316,0,39.5,111.7228714,4344,0,1932.5,1977.812908,120.5818522,0.141729992,7598413.462,27400000.0,98700000,3,98700000,14100000.0,37300000.0,98700000,3,92489,18497.8,37314.17786,85025,46,264,200,0.080988567,0.060741425,0,4344,794.0666667,1526.147927,2329127.495,0,0,1,850.7857143,316,251,235,1,32,734.0,734,734,98700000.0,98700000,98700000,DoS
53,23584,2,60,30,30,30.0,0.0,97,97,97.0,0.0,10770.013568521,169.6065128901,7861.3333333333,13571.2132594449,23532,4,48,48.0,0.0,48,48,4,4.0,0.0,4,4,64,40,84.803256445,84.803256445,30,97,56.8,36.6974113528,1346.7,0,0,0,71.0,60,-1,-1,1,32,0.0,0,0,0.0,0,0,Normal Traffic
53,252129,1,58,58,58,58.0,0.0,202,202,202.0,0.0,1031.218146,7.932447279,252129.0,0.0,252129,252129,0,0.0,0.0,0,0,0,0.0,0.0,0,0,32,32,3.966223639,3.966223639,58,202,106.0,83.13843876,6912.0,0,0,0,159.0,58,-1,-1,0,32,0.0,0,0,0.0,0,0,Normal Traffic
53,151723,2,62,31,31,31.0,0.0,85,85,85.0,0.0,1529.102377,26.36383409,50574.33333,87556.61485,151676,0,0,0.0,0.0,0,0,47,47.0,0.0,47,47,64,40,13.18191705,13.18191705,31,85,52.6,29.57701811,874.8,0,0,0,65.75,62,-1,-1,1,32,0.0,0,0,0.0,0,0,Normal Traffic
53,80736926,2,150,95,55,75.0,28.28427125,183,177,180.0,4.242640687,6.316812211,0.049543625,26900000.0,46600000.0,80700000,943,80700000,80700000.0,0.0,80700000,80700000,80700000,80700000.0,0.0,80700000,80700000,64,64,0.024771813,0.024771813,55,183,113.0,63.34035049,4012.0,0,0,0,141.25,150,-1,-1,1,32,30632.0,30632,30632,80700000.0,80700000,80700000,Normal Traffic
8978,21,1,6,6,6,6.0,0.0,6,6,6.0,0.0,571428.5714,95238.09524,21.0,0.0,21,21,0,0.0,0.0,0,0,0,0.0,0.0,0,0,20,20,47619.04762,47619.04762,6,6,6.0,0.0,0.0,0,0,1,9.0,6,114,16245,0,20,0.0,0,0,0.0,0,0,Normal Traffic
80,897363,3,26,20,0,8.666666667,10.26320288,11595,0,2901.75,5795.50069,12963.53872,7.800633634,149560.5,365833.5495,896315,23,759,379.5,317.4909448,604,155,897340,299113.3333,517191.9107,896315,197,72,92,3.3431287,4.457504934,0,11595,1454.125,4097.537534,16800000.0,0,1,0,1661.857143,26,8192,229,2,20,0.0,0,0,0.0,0,0,DDoS
80,1011,4,0,0,0,0.0,0.0,0,0,0.0,0.0,0.0,3956.478734,337.0,581.9690713,1009,1,1011,337.0,581.9690713,1009,1,0,0.0,0.0,0,0,128,0,3956.478734,0.0,0,0,0.0,0.0,0.0,0,0,1,0.0,0,274,-1,0,32,0.0,0,0,0.0,0,0,DoS
80,3024183,6,36,6,6,6.0,0.0,0,0,0.0,0.0,11.90404152,1.98400692,604836.6,1350906.364,3021411,0,3024183,604836.6,1350906.364,3021411,0,0,0.0,0.0,0,0,120,0,1.98400692,0.0,6,6,6.0,0.0,0.0,0,0,1,7.0,36,256,-1,5,20,0.0,0,0,0.0,0,0,DDoS
80,11686185,5,246,246,0,49.2,110.0145445,3525,0,881.25,1762.5,322.6887132,0.770140127,1460773.125,2740919.902,6683873,4,6687666,1671916.5,3343132.35,6686615,4,11700000,3895387.333,3476092.896,6683873,848,168,136,0.427855626,0.342284501,0,3525,377.1,1108.757909,1229344.1,0,1,0,419.0,246,29200,235,1,32,871.0,871,871,6683873.0,6683873,6683873,DoS
53,212,2,70,35,35,35.0,0.0,132,132,132.0,0.0,1575471.69811321,18867.9245283019,70.6666666667,82.6579296458,162,1,1,1.0,0.0,1,1,49,49.0,0.0,49,49,64,64,9433.962264151,9433.962264151,35,132,73.8,53.129088078,2822.7,0,0,0,92.25,70,-1,-1,1,32,0.0,0,0,0.0,0,0,Normal Traffic
53,256339,4,144,36,36,36.0,0.0,126,126,126.0,0.0,1544.829308,23.40650467,51267.8,98616.13728,226119,3,30217,10072.33333,17440.59693,30211,3,3,3.0,0.0,3,3,104,40,15.60433645,7.802168223,36,126,61.71428571,43.91550328,1928.571429,0,0,0,72.0,144,-1,-1,3,20,0.0,0,0,0.0,0,0,Normal Traffic
80,361577,4,646,323,0,161.5,186.4841369,4344,0,1932.5,1977.812908,33854.47636,27.65662639,40175.22222,78477.59077,212971,9,225989,75329.66667,119327.8488,212971,1006,361548,72309.6,103939.4535,225969,56,136,200,11.06265056,16.59397583,0,4344,1112.818182,1689.754646,2855270.764,0,1,0,1224.1,646,29200,235,2,32,0.0,0,0,0.0,0,0,DoS
16993,75,2,4,2,2,2.0,0.0,6,6,6.0,0.0,213333.3333,53333.33333,25.0,2.645751311,27,22,48,48.0,0.0,48,48,49,49.0,0.0,49,49,48,40,26666.66667,26666.66667,2,6,3.6,2.19089023,4.8,0,1,0,4.5,4,1024,0,1,24,0.0,0,0,0.0,0,0,Normal Traffic
80,180079,1,0,0,0,0.0,0.0,0,0,0.0,0.0,0.0,11.10623671,180079.0,0.0,180079,180079,0,0.0,0.0,0,0,0,0.0,0.0,0,0,32,32,5.553118354,5.553118354,0,0,0.0,0.0,0.0,0,0,1,0.0,0,1246,174,0,32,0.0,0,0,0.0,0,0,Normal Traffic
53,37891,2,56,28,28,28.0,0.0,96,96,96.0,0.0,6545.0898630282,105.5659655327,12630.3333333333,21870.3168777531,37884,3,3,3.0,0.0,3,3,4,4.0,0.0,4,4,40,64,52.7829827664,52.7829827664,28,96,55.2,37.2451339104,1387.2,0,0,0,69.0,56,-1,-1,1,20,0.0,0,0,0.0,0,0,Normal Traffic
80,146480,3,371,371,0,123.6666667,214.1969499,8688,0,2898.75,4095.56617,81690.33315,47.78809394,24413.33333,54408.36468,135137,5,10988,5494.0,7762.618244,10983,5,146234,48744.66667,75009.59916,135137,190,104,136,20.48061169,27.30748225,0,8688,1495.75,3074.584513,9453069.929,0,1,0,1709.428571,371,29200,235,1,32,0.0,0,0,0.0,0,0,DoS
80,85227049,6,395,395,0,65.83333333,161.2580747,5792,0,1932.5,2362.781391,140.683036,0.14080037,7747913.545,25600000.0,85100000,2,85100000,17000000.0,38000000.0,85100000,4,166397,33279.4,66741.76825,152183,2,200,200,0.070400185,0.070400185,0,5792,922.3076923,1812.424085,3284881.064,0,0,1,999.1666667,395,251,235,1,32,1007.0,1007,1007,85100000.0,85100000,85100000,DoS
80,84945123,8,334,334,0,41.75,118.0868325,5792,0,1932.5,2181.008184,140.4318409,0.164812287,6534240.231,23500000.0,84800000,1,84800000,12100000.0,32000000.0,84800000,1,146481,29296.2,58858.91217,134181,45,264,200,0.09417845,0.070633837,0,5792,795.2666667,1621.642486,2629724.352,0,0,1,852.0714286,334,274,235,1,32,993.0,993,993,84800000.0,84800000,84800000,DoS
53,128476,1,53,53,53,53.0,0.0,116,116,116.0,0.0,1315.420779,15.56710981,128476.0,0.0,128476,128476,0,0.0,0.0,0,0,0,0.0,0.0,0,0,32,40,7.783554905,7.783554905,53,116,74.0,36.37306696,1323.0,0,0,0,111.0,53,-1,-1,0,32,0.0,0,0,0.0,0,0,Normal Traffic
80,99660938,7,416,416,0,59.42857143,157.2332208,5792,0,1656.428571,2118.227235,120.5186329,0.140476302,7666226.0,27600000.0,99600000,1,99700000,16600000.0,40700000.0,99600000,1,17605,2934.166667,4853.855516,11906,9,232,232,0.070238151,0.070238151,0,5792,800.7333333,1618.708853,2620218.352,0,0,1,857.9285714,416,251,235,1,32,985.0,985,985,99600000.0,99600000,99600000,DoS
80,98689736,5,363,351,0,72.6,155.6592432,5792,0,1656.428571,2120.732252,121.1676156,0.121593192,8971794.182,29700000.0,98700000,45,98700000,24700000.0,49300000.0,98700000,994,98700000,16400000.0,40300000.0,98700000,45,144,232,0.05066383,0.070929362,0,5792,920.3076923,1715.227603,2942005.731,1,0,0,997.0,363,0,235,2,20,10988.0,10988,10988,98700000.0,98700000,98700000,DoS
53,170,2,90,45,45,45.0,0.0,109,109,109.0,0.0,1811764.70588235,23529.4117647059,56.6666666667,92.9533933395,164,3,3,3.0,0.0,3,3,3,3.0,0.0,3,3,40,40,11764.7058823529,11764.7058823529,45,109,70.6,35.0542436803,1228.8,0,0,0,88.25,90,-1,-1,1,20,0.0,0,0,0.0,0,0,Normal Traffic
80,32942,3,26,20,0,8.666666667,10.26320288,5840,0,2320.2,2436.833027,352953.6762,242.8510716,4706.0,8225.103444,20778,3,11432,5716.0,8079.402082,11429,3,32866,8216.5,9856.597266,20778,175,72,112,91.06915184,151.7819197,0,5840,1291.888889,2110.95076,4456113.111,0,1,0,1453.375,26,8192,229,2,20,0.0,0,0,0.0,0,0,DDoS
3905,48,1,2,2,2,2.0,0.0,6,6,6.0,0.0,166666.6667,41666.66667,48.0,0.0,48,48,0,0.0,0.0,0,0,0,0.0,0.0,0,0,24,20,20833.33333,20833.33333,2,6,3.333333333,2.309401077,5.333333333,0,1,0,5.0,2,1024,0,0,24,0.0,0,0,0.0,0,0,Port Scanning
80,100071782,7,350,350,0,50.0,132.2875656,7240,0,2319.0,3331.638186,119.3643179,0.119913923,9097434.727,29800000.0,98900000,2,99900000,16700000.0,40300000.0,98900000,2,134591,33647.75,61313.18301,125406,86,240,168,0.069949789,0.049964135,0,7240,918.8461538,2244.157966,5036244.974,0,0,1,995.4166667,350,251,235,1,32,4.0,4,4,98900000.0,98900000,98900000,DoS
443,207546,8,2069,1125,0,258.625,371.9446723,1460,0,569.8571429,650.5503897,29188.70997,72.27313463,14824.71429,23710.13539,52419,4,157587,22512.42857,27317.85818,52607,32,157415,26235.83333,28671.61129,53222,4,172,152,38.5456718,33.72746283,0,1460,378.625,517.8313593,268149.3167,0,1,0,403.8666667,2069,8192,7457,7,20,0.0,0,0,0.0,0,0,Normal Traffic
53,198,2,140,70,70,70.0,0.0,166,166,166.0,0.0,2383838.384,20202.0202,66.0,109.1192009,192,3,3,3.0,0.0,3,3,3,3.0,0.0,3,3,40,40,10101.0101,10101.0101,70,166,108.4,52.58136552,2764.8,0,0,0,135.5,140,-1,-1,1,20,0.0,0,0,0.0,0,0,Normal Traffic
80,99942758,7,658,320,0,94.0,154.4107077,10136,0,1932.5,4060.245892,122.6001788,0.130074457,8328563.167,28700000.0,99600000,2,99800000,16600000.0,40600000.0,99600000,188,99900000,20000000.0,44500000.0,99600000,81,196,200,0.070040092,0.060034365,0,10136,875.6428571,2693.378765,7254289.17,1,0,0,943.0,658,0,235,4,20,13003.0,13003,13003,99600000.0,99600000,99600000,DoS
691,27,1,0,0,0,0.0,0.0,6,6,6.0,0.0,222222.2222,74074.07407,27.0,0.0,27,27,0,0.0,0.0,0,0,0,0.0,0.0,0,0,40,20,37037.03704,37037.03704,0,6,2.0,3.464101615,12.0,0,1,0,3.0,0,29200,0,0,40,0.0,0,0,0.0,0,0,Port Scanning
10621,13,1,2,2,2,2.0,0.0,6,6,6.0,0.0,615384.6154,153846.1538,13.0,0.0,13,13,0,0.0,0.0,0,0,0,0.0,0.0,0,0,24,20,76923.07692,76923.07692,2,6,3.333333333,2.309401077,5.333333333,0,1,0,5.0,2,1024,0,0,24,0.0,0,0,0.0,0,0,Port Scanning
53,69499572,4,116,29,29,29.0,0.0,253,191,222.0,35.79571669,14.44613213,0.115108623,9928510.286,26200000.0,69400000,3,69400000,23100000.0,40100000.0,69400000,3,69500000,23200000.0,40100000.0,69500000,3,104,104,0.057554311,0.057554311,29,253,114.7777778,104.0550068,10827.44444,0,0,0,129.125,116,-1,-1,3,20,31291.0,31291,31291,69400000.0,69400000,69400000,Normal Traffic
53,192,2,70,35,35,35.0,0.0,99,99,99.0,0.0,1395833.333,20833.33333,64.0,109.9863628,191,0,0,0.0,0.0,0,0,1,1.0,0.0,1,1,64,64,10416.66667,10416.66667,35,99,60.6,35.05424368,1228.8,0,0,0,75.75,70,-1,-1,1,32,0.0,0,0,0.0,0,0,Normal Traffic
53,207280,4,124,31,31,31.0,0.0,80,80,80.0,0.0,1370.1273639522,28.9463527596,41456.0,57264.0019471221,114341,3,92936,30978.6666666667,53650.5624419105,92929,3,3,3.0,0.0,3,3,104,40,19.2975685064,9.6487842532,31,80,45.0,23.9095517872,571.6666666667,0,0,0,52.5,124,-1,-1,3,20,0.0,0,0,0.0,0,0,Normal Traffic
53931,17,1,6,6,6,6.0,0.0,6,6,6.0,0.0,705882.3529,117647.0588,17.0,0.0,17,17,0,0.0,0.0,0,0,0,0.0,0.0,0,0,20,20,58823.52941,58823.52941,6,6,6.0,0.0,0.0,0,0,1,9.0,6,237,256,0,20,0.0,0,0,0.0,0,0,Bots
6346,38,1,0,0,0,0.0,0.0,6,6,6.0,0.0,157894.7368,52631.57895,38.0,0.0,38,38,0,0.0,0.0,0,0,0,0.0,0.0,0,0,40,20,26315.78947,26315.78947,0,6,2.0,3.464101615,12.0,0,1,0,3.0,0,29200,0,0,40,0.0,0,0,0.0,0,0,Port Scanning
80,1885049,3,26,20,0,8.666666667,10.26320288,10135,0,2321.4,4413.201989,6171.192367,4.243921511,269292.7143,712108.5181,1884203,5,630,315.0,376.1808076,581,49,1884930,471232.5,941980.3588,1884203,5,72,112,1.591470567,2.652450944,0,10135,1292.555556,3350.634907,11200000.0,0,1,0,1454.125,26,8192,229,2,20,0.0,0,0,0.0,0,0,DDoS
80,1018088,3,26,20,0,8.666666667,10.26320288,10135,0,2900.25,4871.82583,11420.42731,6.875633541,169681.3333,408885.7276,1004248,72,13573,6786.5,9263.80594,13337,236,1017944,339314.6667,575887.5895,1004248,195,72,92,2.946700089,3.928933452,0,10135,1453.375,3544.652026,12600000.0,0,1,0,1661.0,26,8192,229,2,20,0.0,0,0,0.0,0,0,DDoS
53,23701,1,53,53,53,53.0,0.0,69,69,69.0,0.0,5147.462132,84.38462512,23701.0,0.0,23701,23701,0,0.0,0.0,0,0,0,0.0,0.0,0,0,32,32,42.19231256,42.19231256,53,69,58.33333333,9.237604307,85.33333333,0,0,0,87.5,53,-1,-1,0,32,0.0,0,0,0.0,0,0,Normal Traffic
53,31695,2,72,36,36,36.0,0.0,100,100,100.0,0.0,8581.7952358416,126.2028711153,10565.0,18295.6527076789,31691,1,1,1.0,0.0,1,1,3,3.0,0.0,3,3,64,64,63.1014355577,63.1014355577,36,100,61.6,35.0542436803,1228.8,0,0,0,77.0,72,-1,-1,1,32,0.0,0,0,0.0,0,0,Normal Traffic
80,45821,3,26,20,0,8.666666667,10.26320288,5840,0,1934.5,2538.919278,253879.2257,196.4164903,5727.625,15775.16469,44767,3,763,381.5,263.7508294,568,195,45773,9154.6,19910.29277,44767,3,72,132,65.47216342,130.9443268,0,5840,1163.3,2138.329153,4572451.567,0,1,0,1292.555556,26,8192,229,2,20,0.0,0,0,0.0,0,0,DDoS
80,84872025,6,349,331,0,58.16666667,133.6928071,10136,0,1932.5,4060.245892,140.7295278,0.141389345,7715638.636,25500000.0,84700000,45,84700000,16900000.0,37900000.0,84700000,48,84900000,17000000.0,37900000.0,84700000,45,164,200,0.070694672,0.070694672,0,10136,919.2307692,2798.216967,7830018.192,1,0,0,995.8333333,349,0,235,3,20,12945.0,12945,12945,84700000.0,84700000,84700000,DoS
40722,3,2,0,0,0,0.0,0.0,0,0,0.0,0.0,0.0,666666.6667,3.0,0.0,3,3,3,3.0,0.0,3,3,0,0.0,0.0,0,0,64,0,666666.6667,0.0,0,0,0.0,0.0,0.0,0,0,1,0.0,0,390,-1,0,32,0.0,0,0,0.0,0,0,Normal Traffic
1040,51,1,2,2,2,2.0,0.0,6,6,6.0,0.0,156862.7451,39215.68627,51.0,0.0,51,51,0,0.0,0.0,0,0,0,0.0,0.0,0,0,24,20,19607.84314,19607.84314,2,6,3.333333333,2.309401077,5.333333333,0,1,0,5.0,2,1024,0,0,24,0.0,0,0,0.0,0,0,Port Scanning
80,5121659,3,12,6,0,4.0,3.464101615,0,0,0.0,0.0,2.342990816,0.780996939,1707219.667,2883494.245,5036429,36,5121659,2560829.5,3501026.388,5036429,85230,0,0.0,0.0,0,0,72,32,0.585747704,0.195249235,0,6,2.4,3.286335345,10.8,0,1,0,3.0,12,8192,17922,2,20,0.0,0,0,0.0,0,0,Normal Traffic
443,649919,11,1626,1381,0,147.8181818182,411.4879872321,1989,0,717.5714285714,872.1822930907,10230.5056476269,27.69575901,38230.5294117647,88451.6597032792,288523,4,649919,64991.9,109637.873095883,288523,48,365341,60890.1666666667,128227.536066816,320872,4,364,232,16.9251860616,10.7705729483,0,1989,349.9473684211,657.2395532904,431963.830409357,0,1,0,369.3888888889,1626,65535,65,5,32,0.0,0,0,0.0,0,0,Normal Traffic
53,516,1,51,51,51,51.0,0.0,111,111,111.0,0.0,313953.4884,3875.968992,516.0,0.0,516,516,0,0.0,0.0,0,0,0,0.0,0.0,0,0,32,40,1937.984496,1937.984496,51,111,71.0,34.64101615,1200.0,0,0,0,106.5,51,-1,-1,0,32,0.0,0,0,0.0,0,0,Normal Traffic
53,23849,1,42,42,42,42.0,0.0,104,104,104.0,0.0,6121.849973,83.86095853,23849.0,0.0,23849,23849,0,0.0,0.0,0,0,0,0.0,0.0,0,0,20,32,41.93047927,41.93047927,42,104,62.66666667,35.79571669,1281.333333,0,0,0,94.0,42,-1,-1,0,20,0.0,0,0,0.0,0,0,Normal Traffic
54549,4,2,0,0,0,0.0,0.0,0,0,0.0,0.0,0.0,500000.0,4.0,0.0,4,4,4,4.0,0.0,4,4,0,0.0,0.0,0,0,40,0,500000.0,0.0,0,0,0.0,0.0,0.0,0,0,1,0.0,0,453,-1,0,20,0.0,0,0,0.0,0,0,Normal Traffic
53,49024,4,140,35,35,35.0,0.0,222,222,222.0,0.0,11912.53264,122.3890339,9804.8,14170.07991,30998,3,31005,10335.0,17894.68293,30998,3,48,48.0,0.0,48,48,104,40,81.5926893,40.79634465,35,222,88.42857143,91.24665682,8325.952381,0,0,0,103.1666667,140,-1,-1,3,20,0.0,0,0,0.0,0,0,Normal Traffic
443,221,2,0,0,0,0.0,0.0,0,0,0.0,0.0,0.0,9049.773756,221.0,0.0,221,221,221,221.0,0.0,221,221,0,0.0,0.0,0,0,64,0,9049.773756,0.0,0,0,0.0,0.0,0.0,0,0,1,0.0,0,1324,-1,0,32,0.0,0,0,0.0,0,0,Normal Traffic
9110,77,1,2,2,2,2.0,0.0,6,6,6.0,0.0,103896.1039,25974.02597,77.0,0.0,77,77,0,0.0,0.0,0,0,0,0.0,0.0,0,0,24,20,12987.01299,12987.01299,2,6,3.333333333,2.309401077,5.333333333,0,1,0,5.0,2,1024,0,0,24,0.0,0,0,0.0,0,0,Port Scanning
80,747635,3,26,20,0,8.666666667,10.26320288,7215,0,2900.25,3540.00286,15551.70638,9.362857544,124605.8333,294864.2745,726253,16,21099,10549.5,14896.61856,21083,16,747550,249183.3333,413287.5618,726253,160,72,92,4.012653233,5.350204311,0,7215,1453.375,2786.259804,7763243.696,0,1,0,1661.0,26,8192,229,2,20,0.0,0,0,0.0,0,0,DDoS
443,373692,6,482,322,0,80.3333333333,133.203103067,485,0,92.0,179.6839818496,3013.1766267407,34.7880072359,31141.0,33969.0545777932,88617,3,320830,64166.0,17521.3405166386,88732,51062,322720,53786.6666666667,68708.7210408305,166146,3,204,232,16.0560033396,18.7320038963,0,485,80.4285714286,149.3162437893,22295.3406593407,0,1,0,86.6153846154,482,65535,114,3,32,0.0,0,0,0.0,0,0,Normal Traffic
443,6036050,8,384,203,0,48.0,75.36387918,1460,0,921.4,729.197367,826.8652513,2.153726361,503004.1667,1630454.523,5677309,1,6036050,862292.8571,2124976.588,5677309,1,110223,27555.75,31772.48086,58254,48,172,112,1.325370068,0.828356293,0,1460,356.5,598.119071,357746.4231,0,1,0,383.9230769,384,8192,38,7,20,358740.0,358740,358740,5677309.0,5677309,5677309,Normal Traffic
443,61463487,17,712,405,0,41.88235294,106.9000014,1448,0,401.1428571,587.0411933,102.9554343,0.504364486,2048782.9,4028061.122,10000000,5,61500000,3841467.937,4960430.917,10100000,168,61400000,4721134.769,5128729.337,10100000,29,552,456,0.276586976,0.22777751,0,1448,197.75,428.5814561,183682.0645,0,1,0,204.1290323,712,29200,114,3,32,278094.0,1229797,87624,9965788.0,10000000,9696799,Normal Traffic
80,97246088,8,389,389,0,48.625,137.5322689,5792,0,1932.5,2537.820147,123.233749,0.14396466,7480468.308,27000000.0,97200000,1,97200000,13900000.0,36800000.0,97200000,1,3730,746.0,1285.674142,3024,14,264,200,0.08226552,0.06169914,0,5792,798.9333333,1796.562132,3227635.495,0,0,1,856.0,389,274,235,1,32,1037.0,1037,1037,97200000.0,97200000,97200000,DoS
443,4927973,3,31,31,0,10.33333333,17.89785834,0,0,0.0,0.0,6.290618881,0.811692759,1642657.667,2813219.479,4891014,49,4927973,2463986.5,3484533.829,4927924,49,0,0.0,0.0,0,0,96,32,0.608769569,0.20292319,0,31,6.2,13.86362146,192.2,0,0,1,7.75,31,403,398,1,32,0.0,0,0,0.0,0,0,Normal Traffic
7921,94,1,2,2,2,2.0,0.0,6,6,6.0,0.0,85106.38298,21276.59574,94.0,0.0,94,94,0,0.0,0.0,0,0,0,0.0,0.0,0,0,24,20,10638.29787,10638.29787,2,6,3.333333333,2.309401077,5.333333333,0,1,0,5.0,2,1024,0,0,24,0.0,0,0,0.0,0,0,Port Scanning
80,11304075,8,319,319,0,39.875,112.7835316,5840,0,2326.4,3185.599598,1057.229362,1.150027755,942006.25,2216851.071,6301439,35,6304166,900595.1429,2381893.568,6302222,35,11300000,2826007.75,3305493.284,6301439,155,264,168,0.707709388,0.442318367,0,5840,853.6428571,2104.075518,4427133.786,0,1,0,919.3076923,319,29200,235,1,32,881.0,881,881,6301439.0,6301439,6301439,DoS
2170,92,1,2,2,2,2.0,0.0,6,6,6.0,0.0,86956.52174,21739.13043,92.0,0.0,92,92,0,0.0,0.0,0,0,0,0.0,0.0,0,0,24,20,10869.56522,10869.56522,2,6,3.333333333,2.309401077,5.333333333,0,1,0,5.0,2,1024,0,0,24,0.0,0,0,0.0,0,0,Port Scanning
53,62013,2,72,36,36,36.0,0.0,95,95,95.0,0.0,4224.920581,64.50260429,20671.0,35797.16007,62006,3,3,3.0,0.0,3,3,4,4.0,0.0,4,4,64,40,32.25130215,32.25130215,36,95,59.6,32.31563089,1044.3,0,0,0,74.5,72,-1,-1,1,32,0.0,0,0,0.0,0,0,Normal Traffic
53,1144,2,64,32,32,32.0,0.0,94,94,94.0,0.0,220279.7203,3496.503497,381.3333333,657.8923418,1141,0,0,0.0,0.0,0,0,3,3.0,0.0,3,3,80,64,1748.251748,1748.251748,32,94,56.8,33.95879857,1153.2,0,0,0,71.0,64,-1,-1,1,40,0.0,0,0,0.0,0,0,Normal Traffic
80,99090675,6,408,408,0,68.0,166.5653025,8688,0,2319.0,3774.237539,121.1314788,0.111009437,9909067.5,31300000.0,98900000,1,99000000,19800000.0,44200000.0,98900000,1,148400,37100.0,67530.97394,138156,77,200,168,0.060550602,0.050458835,0,8688,1000.25,2558.919237,6548067.659,0,0,1,1091.181818,408,274,235,1,32,2.0,2,2,98900000.0,98900000,98900000,DoS
19376,2982,3,43,31,6,14.33333333,14.43375673,6,6,6.0,0.0,16431.92488,1341.381623,994.0,1556.800886,2791,54,2982,1491.0,1838.477631,2791,191,0,0.0,0.0,0,0,60,20,1006.036217,335.3454058,6,31,11.0,11.18033989,125.0,0,0,1,13.75,43,1013,0,2,20,0.0,0,0,0.0,0,0,Normal Traffic
56120,29,1,0,0,0,0.0,0.0,0,0,0.0,0.0,0.0,68965.51724,29.0,0.0,29,29,0,0.0,0.0,0,0,0,0.0,0.0,0,0,32,32,34482.75862,34482.75862,0,0,0.0,0.0,0.0,0,0,1,0.0,0,357,501,0,32,0.0,0,0,0.0,0,0,Normal Traffic
80,98695324,10,1500,375,0,150.0,193.6491673,5792,0,1932.5,2181.008184,132.6810579,0.162115076,6579688.267,24900000.0,96700000,4,98600000,11000000.0,32200000.0,96700000,4,977338,195467.6,365580.2623,840889,45,336,200,0.101321923,0.060793154,0,5792,770.2941176,1513.828333,2291676.221,0,0,1,818.4375,1500,251,235,4,32,483.0,483,483,96700000.0,96700000,96700000,DoS
2811,18,1,0,0,0,0.0,0.0,6,6,6.0,0.0,333333.3333,111111.1111,18.0,0.0,18,18,0,0.0,0.0,0,0,0,0.0,0.0,0,0,40,20,55555.55556,55555.55556,0,6,2.0,3.464101615,12.0,0,1,0,3.0,0,29200,0,0,40,0.0,0,0,0.0,0,0,Port Scanning
80,3883935,5,30,6,6,6.0,0.0,0,0,0.0,0.0,7.724125146,1.287354191,970983.75,1941230.902,3882830,1,3883935,970983.75,1941230.902,3882830,1,0,0.0,0.0,0,0,100,0,1.287354191,0.0,6,6,6.0,0.0,0.0,0,0,1,7.2,30,256,-1,4,20,0.0,0,0,0.0,0,0,DDoS
443,6002342,5,123,46,0,24.6,23.27659769,46,46,46.0,0.0,28.15567657,0.999609819,1200468.4,2630957.312,5906755,3,6002342,1500585.5,2937635.566,5906755,3,0,0.0,0.0,0,0,100,20,0.833008182,0.166601636,0,46,30.71428571,21.68497395,470.2380952,0,0,1,35.83333333,123,256,118,2,20,77898.0,77898,77898,5906755.0,5906755,5906755,Normal Traffic
4279,1,1,2,2,2,2.0,0.0,6,6,6.0,0.0,8000000.0,2000000.0,1.0,0.0,1,1,0,0.0,0.0,0,0,0,0.0,0.0,0,0,24,20,1000000.0,1000000.0,2,6,3.333333333,2.309401077,5.333333333,0,1,0,5.0,2,1024,0,0,24,0.0,0,0,0.0,0,0,Port Scanning
1971,26,1,2,2,2,2.0,0.0,6,6,6.0,0.0,307692.3077,76923.07692,26.0,0.0,26,26,0,0.0,0.0,0,0,0,0.0,0.0,0,0,24,20,38461.53846,38461.53846,2,6,3.333333333,2.309401077,5.333333333,0,1,0,5.0,2,1024,0,0,24,0.0,0,0,0.0,0,0,Port Scanning
53,30191,1,50,50,50,50.0,0.0,66,66,66.0,0.0,3842.204630519,66.2449074227,30191.0,0.0,30191,30191,0,0.0,0.0,0,0,0,0.0,0.0,0,0,20,20,33.1224537114,33.1224537114,50,66,55.3333333333,9.237604307,85.3333333333,0,0,0,83.0,50,-1,-1,0,20,0.0,0,0,0.0,0,0,Normal Traffic
53,412755,4,136,34,34,34.0,0.0,85,85,85.0,0.0,741.3598866,14.53646837,82551.0,167310.3384,380825,3,31927,10642.33333,18396.69778,31885,3,3,3.0,0.0,3,3,80,40,9.69097891,4.845489455,34,85,48.57142857,24.88545186,619.2857143,0,0,0,56.66666667,136,-1,-1,3,20,0.0,0,0,0.0,0,0,Normal Traffic
80,161584,3,26,20,0,8.666666667,10.26320288,7215,0,2321.4,3327.769794,71993.51421,49.50985246,23083.42857,60609.00027,160531,3,778,389.0,411.5361467,680,98,161506,40376.5,80103.76584,160531,3,72,112,18.56619467,30.94365779,0,7215,1292.555556,2650.585648,7025604.278,0,1,0,1454.125,26,8192,229,2,20,0.0,0,0,0.0,0,0,DDoS
443,62565286,19,1824,496,0,96.0,176.0230414,1460,2,426.5,552.2262821,138.2236149,0.559415648,1840155.471,3838394.487,10000000,7,62600000,3475849.222,4816167.04,10100000,1430,62500000,4164039.8,5030380.608,10100000,49,392,324,0.30368278,0.255732868,0,1460,240.2222222,418.8460413,175432.0063,0,1,0,247.0857143,1824,8192,33232,18,20,420619.3333,2001977,104252,9997149.5,10000000,9954132,Normal Traffic
80,1122483,3,26,20,0,8.666666667,10.26320288,7215,0,2321.4,3327.769794,10363.63134,7.127056713,160354.7143,423510.0214,1120785,14,1237,618.5,119.501046,703,534,1122469,280617.25,560112.0563,1120785,161,72,112,2.672646267,4.454410445,0,7215,1292.555556,2650.585648,7025604.278,0,1,0,1454.125,26,8192,229,2,20,0.0,0,0,0.0,0,0,DDoS
57502,24541,31,65706,4380,6,2119.548387,1055.029062,6,6,6.0,0.0,2677641.498,1303.940345,791.6451613,3276.242243,18431,2,24541,818.0333333,3328.987238,18431,2,0,0.0,0.0,0,0,620,20,1263.192209,40.74813577,6,4380,2035.515152,1090.60832,1189426.508,0,0,1,2099.125,65706,62,0,30,20,0.0,0,0,0.0,0,0,Normal Traffic
13456,49,2,4,2,2,2.0,0.0,0,0,0.0,0.0,81632.65306,40816.32653,49.0,0.0,49,49,49,49.0,0.0,49,49,0,0.0,0.0,0,0,48,0,40816.32653,0.0,2,2,2.0,0.0,0.0,0,1,0,3.0,4,1024,-1,1,24,0.0,0,0,0.0,0,0,Normal Traffic
32775,36,1,2,2,2,2.0,0.0,6,6,6.0,0.0,222222.2222,55555.55556,36.0,0.0,36,36,0,0.0,0.0,0,0,0,0.0,0.0,0,0,24,20,27777.77778,27777.77778,2,6,3.333333333,2.309401077,5.333333333,0,1,0,5.0,2,1024,0,0,24,0.0,0,0,0.0,0,0,Port Scanning
80,99465740,8,302,302,0,37.75,106.773124,5792,0,2319.0,3170.403917,119.6090232,0.130698269,8288811.667,28700000.0,99300000,2,99300000,14200000.0,37500000.0,99300000,2,146456,36614.0,65363.8392,134301,52,264,168,0.080429704,0.050268565,0,5792,849.7857143,2095.341947,4390457.874,0,0,1,915.1538462,302,274,235,1,32,1041.0,1041,1041,99300000.0,99300000,99300000,DoS
80,5554237,3,12,6,0,4.0,3.464101615,0,0,0.0,0.0,2.160512776,0.720170925,1851412.333,2984725.972,5294621,98,5554237,2777118.5,3560286.179,5294621,259616,0,0.0,0.0,0,0,72,32,0.540128194,0.180042731,0,6,2.4,3.286335345,10.8,0,1,0,3.0,12,8192,29200,2,20,0.0,0,0,0.0,0,0,Normal Traffic
80,11570,3,313,313,0,104.3333333,180.7106343,5792,0,1932.5,2537.820147,1029213.483,777.8738116,1446.25,2851.331005,7986,1,3161,1580.5,2233.750322,3160,1,11535,2307.0,3432.384011,7986,48,104,200,259.2912705,518.5825411,0,5792,1190.8,2122.051303,4503101.733,0,1,0,1323.111111,313,29200,235,1,32,0.0,0,0,0.0,0,0,DoS
80,49010576,8,1309,1273,0,163.625,448.2601086423,465,0,62.625,162.5976080478,36.930804486,0.3264601502,3267371.73333333,4502665.69320009,10012905,47,43069512,6152787.42857143,4912025.43548069,10027918,15341,48995129,6999304.14285714,4130037.13230383,10028095,48682,180,172,0.1632300751,0.1632300751,0,1273,106.4705882353,320.592638259,102779.639705882,0,1,0,113.125,1309,29200,32,7,20,764155.25,3011261,15013,10003222.75,10012905,9998509,Normal Traffic
123,37625,1,48,48,48,48.0,0.0,48,48,48.0,0.0,2551.495017,53.15614618,37625.0,0.0,37625,37625,0,0.0,0.0,0,0,0,0.0,0.0,0,0,20,20,26.57807309,26.57807309,48,48,48.0,0.0,0.0,0,0,0,72.0,48,-1,-1,0,20,0.0,0,0,0.0,0,0,Normal Traffic
80,26168376,2,0,0,0,0.0,0.0,0,0,0.0,0.0,0.0,0.076428128,26200000.0,0.0,26200000,26200000,26200000,26200000.0,0.0,26200000,26200000,0,0.0,0.0,0,0,64,0,0.076428128,0.0,0,0,0.0,0.0,0.0,0,0,1,0.0,0,284,-1,0,32,0.0,0,0,26200000.0,26200000,26200000,DoS
80,82940181,8,335,335,0,41.875,118.4403858,5792,0,1932.5,2181.008184,143.8386058,0.168796352,6380013.923,23000000.0,82800000,0,82800000,11800000.0,31300000.0,82800000,0,127505,25501.0,49905.84859,114214,44,264,200,0.096455058,0.072341294,0,5792,795.3333333,1621.622189,2629658.524,0,0,1,852.1428571,335,274,235,1,32,1001.0,1001,1001,82800000.0,82800000,82800000,DoS
53,72780,1,57,57,57,57.0,0.0,124,124,124.0,0.0,2486.9469634515,27.4800769442,72780.0,0.0,72780,72780,0,0.0,0.0,0,0,0,0.0,0.0,0,0,32,32,13.7400384721,13.7400384721,57,124,79.3333333333,38.6824680357,1496.3333333333,0,0,0,119.0,57,-1,-1,0,32,0.0,0,0,0.0,0,0,Normal Traffic
8090,110,1,0,0,0,0.0,0.0,6,6,6.0,0.0,54545.45455,18181.81818,110.0,0.0,110,110,0,0.0,0.0,0,0,0,0.0,0.0,0,0,40,20,9090.909091,9090.909091,0,6,2.0,3.464101615,12.0,0,1,0,3.0,0,29200,0,0,40,0.0,0,0,0.0,0,0,Port Scanning
80,99999836,2,16,8,8,8.0,0.0,0,0,0.0,0.0,0.160000262,0.040000066,33300000.0,57700000.0,100000000,42,100000000,100000000.0,0.0,100000000,100000000,100000000,100000000.0,0.0,100000000,100000000,64,64,0.020000033,0.020000033,0,8,4.8,4.38178046,19.2,0,0,1,6.0,16,229,235,1,32,42.0,42,42,100000000.0,100000000,100000000,DoS
80,98481910,8,348,348,0,43.5,123.0365799,10136,0,2319.0,4414.366206,121.271003,0.132003939,8206825.833,28400000.0,98300000,0,98300000,14000000.0,37200000.0,98300000,0,150620,37655.0,67235.99295,138158,188,264,168,0.081233193,0.050770746,0,10136,853.0714286,2699.974258,7289860.995,0,0,1,918.6923077,348,274,235,1,32,989.0,989,989,98300000.0,98300000,98300000,DoS
80,83940089,6,324,306,0,54.0,123.4892708,5792,0,1656.428571,2120.732252,141.9941311,0.154872364,6995007.417,24200000.0,83800000,3,83800000,16800000.0,37500000.0,83800000,3,83900000,14000000.0,34200000.0,83800000,46,164,232,0.071479553,0.083392811,0,5792,851.7857143,1667.046129,2779042.797,1,0,0,917.3076923,324,0,235,3,20,11971.0,11971,11971,83800000.0,83800000,83800000,DoS
443,3473366,5,123,46,0,24.6,23.27659769,46,46,46.0,0.0,48.65597233,1.72743097,694673.2,1532140.089,3435307,43,3473366,868341.5,1711393.446,3435307,66,0,0.0,0.0,0,0,160,32,1.439525809,0.287905162,0,46,30.71428571,21.68497395,470.2380952,0,0,1,35.83333333,123,338,357,2,32,0.0,0,0,0.0,0,0,Normal Traffic
443,5716949,9,351,194,0,39.0,71.40028011,1448,0,655.3333333,679.0636691,749.1758279,2.623777123,408353.5,1475010.042,5532747,3,5716949,714618.625,1946926.489,5532747,3,146900,29380.0,36943.04107,86089,48,296,200,1.574266274,1.049510849,0,1448,267.6875,502.6844894,252691.6958,0,1,0,285.5333333,351,29200,939,3,32,184199.0,184199,184199,5532747.0,5532747,5532747,Normal Traffic
